Series Name,Series Code,Country Name,Country Code,2017 [YR2017]
Risk of catastrophic expenditure for surgical care (% of people at risk),SH.SGR.CRSK.ZS,Afghanistan,AFG,..
Risk of catastrophic expenditure for surgical care (% of people at risk),SH.SGR.CRSK.ZS,Albania,ALB,7.4
Risk of catastrophic expenditure for surgical care (% of people at risk),SH.SGR.CRSK.ZS,Algeria,DZA,5.9
Risk of catastrophic expenditure for surgical care (% of people at risk),SH.SGR.CRSK.ZS,American Samoa,ASM,..
Risk of catastrophic expenditure for surgical care (% of people at risk),SH.SGR.CRSK.ZS,Andorra,AND,..
Risk of catastrophic expenditure for surgical care (% of people at risk),SH.SGR.CRSK.ZS,Angola,AGO,10.6
Risk of catastrophic expenditure for surgical care (% of people at risk),SH.SGR.CRSK.ZS,Antigua and Barbuda,ATG,..
Risk of catastrophic expenditure for surgical care (% of people at risk),SH.SGR.CRSK.ZS,Arab World,ARB,36.3567855640463
Risk of catastrophic expenditure for surgical care (% of people at risk),SH.SGR.CRSK.ZS,Argentina,ARG,2.5
Risk of catastrophic expenditure for surgical care (% of people at risk),SH.SGR.CRSK.ZS,Armenia,ARM,41
Risk of catastrophic expenditure for surgical care (% of people at risk),SH.SGR.CRSK.ZS,Aruba,ABW,..
Risk of catastrophic expenditure for surgical care (% of people at risk),SH.SGR.CRSK.ZS,Australia,AUS,0.6
Risk of catastrophic expenditure for surgical care (% of people at risk),SH.SGR.CRSK.ZS,Austria,AUT,0.4
Risk of catastrophic expenditure for surgical care (% of people at risk),SH.SGR.CRSK.ZS,Azerbaijan,AZE,..
Risk of catastrophic expenditure for surgical care (% of people at risk),SH.SGR.CRSK.ZS,"Bahamas, The",BHS,..
Risk of catastrophic expenditure for surgical care (% of people at risk),SH.SGR.CRSK.ZS,Bahrain,BHR,..
Risk of catastrophic expenditure for surgical care (% of people at risk),SH.SGR.CRSK.ZS,Bangladesh,BGD,64.2
Risk of catastrophic expenditure for surgical care (% of people at risk),SH.SGR.CRSK.ZS,Barbados,BRB,..
Risk of catastrophic expenditure for surgical care (% of people at risk),SH.SGR.CRSK.ZS,Belarus,BLR,11.5
Risk of catastrophic expenditure for surgical care (% of people at risk),SH.SGR.CRSK.ZS,Belgium,BEL,0.1
Risk of catastrophic expenditure for surgical care (% of people at risk),SH.SGR.CRSK.ZS,Belize,BLZ,..
Risk of catastrophic expenditure for surgical care (% of people at risk),SH.SGR.CRSK.ZS,Benin,BEN,60.4
Risk of catastrophic expenditure for surgical care (% of people at risk),SH.SGR.CRSK.ZS,Bermuda,BMU,..
Risk of catastrophic expenditure for surgical care (% of people at risk),SH.SGR.CRSK.ZS,Bhutan,BTN,12.4
Risk of catastrophic expenditure for surgical care (% of people at risk),SH.SGR.CRSK.ZS,Bolivia,BOL,24.3
Risk of catastrophic expenditure for surgical care (% of people at risk),SH.SGR.CRSK.ZS,Bosnia and Herzegovina,BIH,3.2
Risk of catastrophic expenditure for surgical care (% of people at risk),SH.SGR.CRSK.ZS,Botswana,BWA,13.8
Risk of catastrophic expenditure for surgical care (% of people at risk),SH.SGR.CRSK.ZS,Brazil,BRA,12.9
Risk of catastrophic expenditure for surgical care (% of people at risk),SH.SGR.CRSK.ZS,British Virgin Islands,VGB,..
Risk of catastrophic expenditure for surgical care (% of people at risk),SH.SGR.CRSK.ZS,Brunei Darussalam,BRN,..
Risk of catastrophic expenditure for surgical care (% of people at risk),SH.SGR.CRSK.ZS,Bulgaria,BGR,9.8
Risk of catastrophic expenditure for surgical care (% of people at risk),SH.SGR.CRSK.ZS,Burkina Faso,BFA,69.5
Risk of catastrophic expenditure for surgical care (% of people at risk),SH.SGR.CRSK.ZS,Burundi,BDI,83.9
Risk of catastrophic expenditure for surgical care (% of people at risk),SH.SGR.CRSK.ZS,Cabo Verde,CPV,19.8
Risk of catastrophic expenditure for surgical care (% of people at risk),SH.SGR.CRSK.ZS,Cambodia,KHM,..
Risk of catastrophic expenditure for surgical care (% of people at risk),SH.SGR.CRSK.ZS,Cameroon,CMR,62.7
Risk of catastrophic expenditure for surgical care (% of people at risk),SH.SGR.CRSK.ZS,Canada,CAN,0.4
Risk of catastrophic expenditure for surgical care (% of people at risk),SH.SGR.CRSK.ZS,Caribbean small states,CSS,..
Risk of catastrophic expenditure for surgical care (% of people at risk),SH.SGR.CRSK.ZS,Cayman Islands,CYM,..
Risk of catastrophic expenditure for surgical care (% of people at risk),SH.SGR.CRSK.ZS,Central African Republic,CAF,..
Risk of catastrophic expenditure for surgical care (% of people at risk),SH.SGR.CRSK.ZS,Central Europe and the Baltics,CEB,8.15574899735596
Risk of catastrophic expenditure for surgical care (% of people at risk),SH.SGR.CRSK.ZS,Chad,TCD,68.3
Risk of catastrophic expenditure for surgical care (% of people at risk),SH.SGR.CRSK.ZS,Channel Islands,CHI,..
Risk of catastrophic expenditure for surgical care (% of people at risk),SH.SGR.CRSK.ZS,Chile,CHL,9.4
Risk of catastrophic expenditure for surgical care (% of people at risk),SH.SGR.CRSK.ZS,China,CHN,26.5
Risk of catastrophic expenditure for surgical care (% of people at risk),SH.SGR.CRSK.ZS,Colombia,COL,10.4
Risk of catastrophic expenditure for surgical care (% of people at risk),SH.SGR.CRSK.ZS,Comoros,COM,73.3
Risk of catastrophic expenditure for surgical care (% of people at risk),SH.SGR.CRSK.ZS,"Congo, Dem. Rep.",COD,76.1
Risk of catastrophic expenditure for surgical care (% of people at risk),SH.SGR.CRSK.ZS,"Congo, Rep.",COG,60
Risk of catastrophic expenditure for surgical care (% of people at risk),SH.SGR.CRSK.ZS,Costa Rica,CRI,8.2
Risk of catastrophic expenditure for surgical care (% of people at risk),SH.SGR.CRSK.ZS,Cote d'Ivoire,CIV,..
Risk of catastrophic expenditure for surgical care (% of people at risk),SH.SGR.CRSK.ZS,Croatia,HRV,3.7
Risk of catastrophic expenditure for surgical care (% of people at risk),SH.SGR.CRSK.ZS,Cuba,CUB,..
Risk of catastrophic expenditure for surgical care (% of people at risk),SH.SGR.CRSK.ZS,Curacao,CUW,..
Risk of catastrophic expenditure for surgical care (% of people at risk),SH.SGR.CRSK.ZS,Cyprus,CYP,10.4
Risk of catastrophic expenditure for surgical care (% of people at risk),SH.SGR.CRSK.ZS,Czech Republic,CZE,0.3
Risk of catastrophic expenditure for surgical care (% of people at risk),SH.SGR.CRSK.ZS,Denmark,DNK,0.1
Risk of catastrophic expenditure for surgical care (% of people at risk),SH.SGR.CRSK.ZS,Djibouti,DJI,..
Risk of catastrophic expenditure for surgical care (% of people at risk),SH.SGR.CRSK.ZS,Dominica,DMA,..
Risk of catastrophic expenditure for surgical care (% of people at risk),SH.SGR.CRSK.ZS,Dominican Republic,DOM,16.1
Risk of catastrophic expenditure for surgical care (% of people at risk),SH.SGR.CRSK.ZS,Early-demographic dividend,EAR,33.6353218490379
Risk of catastrophic expenditure for surgical care (% of people at risk),SH.SGR.CRSK.ZS,East Asia & Pacific,EAS,22.5080816871728
Risk of catastrophic expenditure for surgical care (% of people at risk),SH.SGR.CRSK.ZS,East Asia & Pacific (excluding high income),EAP,24.7869598338908
Risk of catastrophic expenditure for surgical care (% of people at risk),SH.SGR.CRSK.ZS,East Asia & Pacific (IDA & IBRD countries),TEA,24.7869598338908
Risk of catastrophic expenditure for surgical care (% of people at risk),SH.SGR.CRSK.ZS,Ecuador,ECU,24.4
Risk of catastrophic expenditure for surgical care (% of people at risk),SH.SGR.CRSK.ZS,"Egypt, Arab Rep.",EGY,30.3
Risk of catastrophic expenditure for surgical care (% of people at risk),SH.SGR.CRSK.ZS,El Salvador,SLV,12.9
Risk of catastrophic expenditure for surgical care (% of people at risk),SH.SGR.CRSK.ZS,Equatorial Guinea,GNQ,..
Risk of catastrophic expenditure for surgical care (% of people at risk),SH.SGR.CRSK.ZS,Eritrea,ERI,..
Risk of catastrophic expenditure for surgical care (% of people at risk),SH.SGR.CRSK.ZS,Estonia,EST,79.6
Risk of catastrophic expenditure for surgical care (% of people at risk),SH.SGR.CRSK.ZS,Eswatini,SWZ,11.3
Risk of catastrophic expenditure for surgical care (% of people at risk),SH.SGR.CRSK.ZS,Ethiopia,ETH,..
Risk of catastrophic expenditure for surgical care (% of people at risk),SH.SGR.CRSK.ZS,Euro area,EMU,2.12814014935124
Risk of catastrophic expenditure for surgical care (% of people at risk),SH.SGR.CRSK.ZS,Europe & Central Asia,ECS,7.56956790298289
Risk of catastrophic expenditure for surgical care (% of people at risk),SH.SGR.CRSK.ZS,Europe & Central Asia (excluding high income),ECA,14.8386203625606
Risk of catastrophic expenditure for surgical care (% of people at risk),SH.SGR.CRSK.ZS,Europe & Central Asia (IDA & IBRD countries),TEC,13.3498418058217
Risk of catastrophic expenditure for surgical care (% of people at risk),SH.SGR.CRSK.ZS,European Union,EUU,2.30392178331065
Risk of catastrophic expenditure for surgical care (% of people at risk),SH.SGR.CRSK.ZS,Faroe Islands,FRO,..
Risk of catastrophic expenditure for surgical care (% of people at risk),SH.SGR.CRSK.ZS,Fiji,FJI,..
Risk of catastrophic expenditure for surgical care (% of people at risk),SH.SGR.CRSK.ZS,Finland,FIN,0.1
Risk of catastrophic expenditure for surgical care (% of people at risk),SH.SGR.CRSK.ZS,Fragile and conflict affected situations,FCS,..
Risk of catastrophic expenditure for surgical care (% of people at risk),SH.SGR.CRSK.ZS,France,FRA,0
Risk of catastrophic expenditure for surgical care (% of people at risk),SH.SGR.CRSK.ZS,French Polynesia,PYF,..
Risk of catastrophic expenditure for surgical care (% of people at risk),SH.SGR.CRSK.ZS,Gabon,GAB,14.7
Risk of catastrophic expenditure for surgical care (% of people at risk),SH.SGR.CRSK.ZS,"Gambia, The",GMB,41.3
Risk of catastrophic expenditure for surgical care (% of people at risk),SH.SGR.CRSK.ZS,Georgia,GEO,..
Risk of catastrophic expenditure for surgical care (% of people at risk),SH.SGR.CRSK.ZS,Germany,DEU,0.1
Risk of catastrophic expenditure for surgical care (% of people at risk),SH.SGR.CRSK.ZS,Ghana,GHA,19.3
Risk of catastrophic expenditure for surgical care (% of people at risk),SH.SGR.CRSK.ZS,Gibraltar,GIB,..
Risk of catastrophic expenditure for surgical care (% of people at risk),SH.SGR.CRSK.ZS,Greece,GRC,7.7
Risk of catastrophic expenditure for surgical care (% of people at risk),SH.SGR.CRSK.ZS,Greenland,GRL,..
Risk of catastrophic expenditure for surgical care (% of people at risk),SH.SGR.CRSK.ZS,Grenada,GRD,..
Risk of catastrophic expenditure for surgical care (% of people at risk),SH.SGR.CRSK.ZS,Guam,GUM,..
Risk of catastrophic expenditure for surgical care (% of people at risk),SH.SGR.CRSK.ZS,Guatemala,GTM,38.2
Risk of catastrophic expenditure for surgical care (% of people at risk),SH.SGR.CRSK.ZS,Guinea,GIN,91.3
Risk of catastrophic expenditure for surgical care (% of people at risk),SH.SGR.CRSK.ZS,Guinea-Bissau,GNB,67.9
Risk of catastrophic expenditure for surgical care (% of people at risk),SH.SGR.CRSK.ZS,Guyana,GUY,..
Risk of catastrophic expenditure for surgical care (% of people at risk),SH.SGR.CRSK.ZS,Haiti,HTI,55.7
Risk of catastrophic expenditure for surgical care (% of people at risk),SH.SGR.CRSK.ZS,Heavily indebted poor countries (HIPC),HPC,59.6375026753355
Risk of catastrophic expenditure for surgical care (% of people at risk),SH.SGR.CRSK.ZS,High income,HIC,1.62753100935196
Risk of catastrophic expenditure for surgical care (% of people at risk),SH.SGR.CRSK.ZS,Honduras,HND,51.5
Risk of catastrophic expenditure for surgical care (% of people at risk),SH.SGR.CRSK.ZS,"Hong Kong SAR, China",HKG,..
Risk of catastrophic expenditure for surgical care (% of people at risk),SH.SGR.CRSK.ZS,Hungary,HUN,35.7
Risk of catastrophic expenditure for surgical care (% of people at risk),SH.SGR.CRSK.ZS,Iceland,ISL,35.3
Risk of catastrophic expenditure for surgical care (% of people at risk),SH.SGR.CRSK.ZS,India,IND,36.8
Risk of catastrophic expenditure for surgical care (% of people at risk),SH.SGR.CRSK.ZS,Indonesia,IDN,20.2
Risk of catastrophic expenditure for surgical care (% of people at risk),SH.SGR.CRSK.ZS,"Iran, Islamic Rep.",IRN,27.9
Risk of catastrophic expenditure for surgical care (% of people at risk),SH.SGR.CRSK.ZS,Iraq,IRQ,..
Risk of catastrophic expenditure for surgical care (% of people at risk),SH.SGR.CRSK.ZS,Ireland,IRL,1.1
Risk of catastrophic expenditure for surgical care (% of people at risk),SH.SGR.CRSK.ZS,Isle of Man,IMN,..
Risk of catastrophic expenditure for surgical care (% of people at risk),SH.SGR.CRSK.ZS,Israel,ISR,3.9
Risk of catastrophic expenditure for surgical care (% of people at risk),SH.SGR.CRSK.ZS,Italy,ITA,1
Risk of catastrophic expenditure for surgical care (% of people at risk),SH.SGR.CRSK.ZS,Jamaica,JAM,14.3
Risk of catastrophic expenditure for surgical care (% of people at risk),SH.SGR.CRSK.ZS,Japan,JPN,0.4
Risk of catastrophic expenditure for surgical care (% of people at risk),SH.SGR.CRSK.ZS,Jordan,JOR,11.4
Risk of catastrophic expenditure for surgical care (% of people at risk),SH.SGR.CRSK.ZS,Kazakhstan,KAZ,3.8
Risk of catastrophic expenditure for surgical care (% of people at risk),SH.SGR.CRSK.ZS,Kenya,KEN,38.9
Risk of catastrophic expenditure for surgical care (% of people at risk),SH.SGR.CRSK.ZS,Kiribati,KIR,..
Risk of catastrophic expenditure for surgical care (% of people at risk),SH.SGR.CRSK.ZS,"Korea, Dem. People’s Rep.",PRK,..
Risk of catastrophic expenditure for surgical care (% of people at risk),SH.SGR.CRSK.ZS,"Korea, Rep.",KOR,0.3
Risk of catastrophic expenditure for surgical care (% of people at risk),SH.SGR.CRSK.ZS,Kosovo,XKX,..
Risk of catastrophic expenditure for surgical care (% of people at risk),SH.SGR.CRSK.ZS,Kuwait,KWT,..
Risk of catastrophic expenditure for surgical care (% of people at risk),SH.SGR.CRSK.ZS,Kyrgyz Republic,KGZ,38.4
Risk of catastrophic expenditure for surgical care (% of people at risk),SH.SGR.CRSK.ZS,Lao PDR,LAO,47.7
Risk of catastrophic expenditure for surgical care (% of people at risk),SH.SGR.CRSK.ZS,Late-demographic dividend,LTE,22.4496810064232
Risk of catastrophic expenditure for surgical care (% of people at risk),SH.SGR.CRSK.ZS,Latin America & Caribbean,LCN,14.1788224714551
Risk of catastrophic expenditure for surgical care (% of people at risk),SH.SGR.CRSK.ZS,Latin America & Caribbean (excluding high income),LAC,14.3785459500377
Risk of catastrophic expenditure for surgical care (% of people at risk),SH.SGR.CRSK.ZS,Latin America & the Caribbean (IDA & IBRD countries),TLA,14.1788224714551
Risk of catastrophic expenditure for surgical care (% of people at risk),SH.SGR.CRSK.ZS,Latvia,LVA,88.8
Risk of catastrophic expenditure for surgical care (% of people at risk),SH.SGR.CRSK.ZS,Least developed countries: UN classification,LDC,62.6139552986533
Risk of catastrophic expenditure for surgical care (% of people at risk),SH.SGR.CRSK.ZS,Lebanon,LBN,5.8
Risk of catastrophic expenditure for surgical care (% of people at risk),SH.SGR.CRSK.ZS,Lesotho,LSO,30.4
Risk of catastrophic expenditure for surgical care (% of people at risk),SH.SGR.CRSK.ZS,Liberia,LBR,35.5
Risk of catastrophic expenditure for surgical care (% of people at risk),SH.SGR.CRSK.ZS,Libya,LBY,..
Risk of catastrophic expenditure for surgical care (% of people at risk),SH.SGR.CRSK.ZS,Liechtenstein,LIE,..
Risk of catastrophic expenditure for surgical care (% of people at risk),SH.SGR.CRSK.ZS,Lithuania,LTU,40.2
Risk of catastrophic expenditure for surgical care (% of people at risk),SH.SGR.CRSK.ZS,Low & middle income,LMY,33.1125466351898
Risk of catastrophic expenditure for surgical care (% of people at risk),SH.SGR.CRSK.ZS,Low income,LIC,66.0614646736929
Risk of catastrophic expenditure for surgical care (% of people at risk),SH.SGR.CRSK.ZS,Lower middle income,LMC,38.9470570374872
Risk of catastrophic expenditure for surgical care (% of people at risk),SH.SGR.CRSK.ZS,Luxembourg,LUX,1
Risk of catastrophic expenditure for surgical care (% of people at risk),SH.SGR.CRSK.ZS,"Macao SAR, China",MAC,..
Risk of catastrophic expenditure for surgical care (% of people at risk),SH.SGR.CRSK.ZS,Madagascar,MDG,61.9
Risk of catastrophic expenditure for surgical care (% of people at risk),SH.SGR.CRSK.ZS,Malawi,MWI,90.5
Risk of catastrophic expenditure for surgical care (% of people at risk),SH.SGR.CRSK.ZS,Malaysia,MYS,18.2
Risk of catastrophic expenditure for surgical care (% of people at risk),SH.SGR.CRSK.ZS,Maldives,MDV,..
Risk of catastrophic expenditure for surgical care (% of people at risk),SH.SGR.CRSK.ZS,Mali,MLI,62.2
Risk of catastrophic expenditure for surgical care (% of people at risk),SH.SGR.CRSK.ZS,Malta,MLT,4.6
Risk of catastrophic expenditure for surgical care (% of people at risk),SH.SGR.CRSK.ZS,Marshall Islands,MHL,..
Risk of catastrophic expenditure for surgical care (% of people at risk),SH.SGR.CRSK.ZS,Mauritania,MRT,64.1
Risk of catastrophic expenditure for surgical care (% of people at risk),SH.SGR.CRSK.ZS,Mauritius,MUS,11.7
Risk of catastrophic expenditure for surgical care (% of people at risk),SH.SGR.CRSK.ZS,Mexico,MEX,8.9
Risk of catastrophic expenditure for surgical care (% of people at risk),SH.SGR.CRSK.ZS,"Micronesia, Fed. Sts.",FSM,..
Risk of catastrophic expenditure for surgical care (% of people at risk),SH.SGR.CRSK.ZS,Middle East & North Africa,MEA,30.2504102761331
Risk of catastrophic expenditure for surgical care (% of people at risk),SH.SGR.CRSK.ZS,Middle East & North Africa (excluding high income),MNA,30.9892261650856
Risk of catastrophic expenditure for surgical care (% of people at risk),SH.SGR.CRSK.ZS,Middle East & North Africa (IDA & IBRD countries),TMN,30.9892261650856
Risk of catastrophic expenditure for surgical care (% of people at risk),SH.SGR.CRSK.ZS,Middle income,MIC,30.131890249729
Risk of catastrophic expenditure for surgical care (% of people at risk),SH.SGR.CRSK.ZS,Moldova,MDA,20.8
Risk of catastrophic expenditure for surgical care (% of people at risk),SH.SGR.CRSK.ZS,Monaco,MCO,..
Risk of catastrophic expenditure for surgical care (% of people at risk),SH.SGR.CRSK.ZS,Mongolia,MNG,..
Risk of catastrophic expenditure for surgical care (% of people at risk),SH.SGR.CRSK.ZS,Montenegro,MNE,2.6
Risk of catastrophic expenditure for surgical care (% of people at risk),SH.SGR.CRSK.ZS,Morocco,MAR,27.3
Risk of catastrophic expenditure for surgical care (% of people at risk),SH.SGR.CRSK.ZS,Mozambique,MOZ,24.7
Risk of catastrophic expenditure for surgical care (% of people at risk),SH.SGR.CRSK.ZS,Myanmar,MMR,..
Risk of catastrophic expenditure for surgical care (% of people at risk),SH.SGR.CRSK.ZS,Namibia,NAM,16.6
Risk of catastrophic expenditure for surgical care (% of people at risk),SH.SGR.CRSK.ZS,Nauru,NRU,..
Risk of catastrophic expenditure for surgical care (% of people at risk),SH.SGR.CRSK.ZS,Nepal,NPL,72.7
Risk of catastrophic expenditure for surgical care (% of people at risk),SH.SGR.CRSK.ZS,Netherlands,NLD,0.2
Risk of catastrophic expenditure for surgical care (% of people at risk),SH.SGR.CRSK.ZS,New Caledonia,NCL,..
Risk of catastrophic expenditure for surgical care (% of people at risk),SH.SGR.CRSK.ZS,New Zealand,NZL,..
Risk of catastrophic expenditure for surgical care (% of people at risk),SH.SGR.CRSK.ZS,Nicaragua,NIC,34
Risk of catastrophic expenditure for surgical care (% of people at risk),SH.SGR.CRSK.ZS,Niger,NER,93.1
Risk of catastrophic expenditure for surgical care (% of people at risk),SH.SGR.CRSK.ZS,Nigeria,NGA,69.2
Risk of catastrophic expenditure for surgical care (% of people at risk),SH.SGR.CRSK.ZS,North America,NAC,0.759589115781972
Risk of catastrophic expenditure for surgical care (% of people at risk),SH.SGR.CRSK.ZS,North Macedonia,MKD,61.2
Risk of catastrophic expenditure for surgical care (% of people at risk),SH.SGR.CRSK.ZS,Northern Mariana Islands,MNP,..
Risk of catastrophic expenditure for surgical care (% of people at risk),SH.SGR.CRSK.ZS,Norway,NOR,0.1
Risk of catastrophic expenditure for surgical care (% of people at risk),SH.SGR.CRSK.ZS,Not classified,INX,..
Risk of catastrophic expenditure for surgical care (% of people at risk),SH.SGR.CRSK.ZS,OECD members,OED,2.23098501573285
Risk of catastrophic expenditure for surgical care (% of people at risk),SH.SGR.CRSK.ZS,Oman,OMN,..
Risk of catastrophic expenditure for surgical care (% of people at risk),SH.SGR.CRSK.ZS,Other small states,OSS,28.0162381584937
Risk of catastrophic expenditure for surgical care (% of people at risk),SH.SGR.CRSK.ZS,Pacific island small states,PSS,..
Risk of catastrophic expenditure for surgical care (% of people at risk),SH.SGR.CRSK.ZS,Pakistan,PAK,53.9
Risk of catastrophic expenditure for surgical care (% of people at risk),SH.SGR.CRSK.ZS,Palau,PLW,..
Risk of catastrophic expenditure for surgical care (% of people at risk),SH.SGR.CRSK.ZS,Panama,PAN,17.1
Risk of catastrophic expenditure for surgical care (% of people at risk),SH.SGR.CRSK.ZS,Papua New Guinea,PNG,3.5
Risk of catastrophic expenditure for surgical care (% of people at risk),SH.SGR.CRSK.ZS,Paraguay,PRY,29.4
Risk of catastrophic expenditure for surgical care (% of people at risk),SH.SGR.CRSK.ZS,Peru,PER,11.7
Risk of catastrophic expenditure for surgical care (% of people at risk),SH.SGR.CRSK.ZS,Philippines,PHL,27.7
Risk of catastrophic expenditure for surgical care (% of people at risk),SH.SGR.CRSK.ZS,Poland,POL,0.2
Risk of catastrophic expenditure for surgical care (% of people at risk),SH.SGR.CRSK.ZS,Portugal,PRT,6.2
Risk of catastrophic expenditure for surgical care (% of people at risk),SH.SGR.CRSK.ZS,Post-demographic dividend,PST,1.88101410842741
Risk of catastrophic expenditure for surgical care (% of people at risk),SH.SGR.CRSK.ZS,Pre-demographic dividend,PRE,61.2880530046787
Risk of catastrophic expenditure for surgical care (% of people at risk),SH.SGR.CRSK.ZS,Puerto Rico,PRI,..
Risk of catastrophic expenditure for surgical care (% of people at risk),SH.SGR.CRSK.ZS,Qatar,QAT,..
Risk of catastrophic expenditure for surgical care (% of people at risk),SH.SGR.CRSK.ZS,Romania,ROU,0
Risk of catastrophic expenditure for surgical care (% of people at risk),SH.SGR.CRSK.ZS,Russian Federation,RUS,21.9
Risk of catastrophic expenditure for surgical care (% of people at risk),SH.SGR.CRSK.ZS,Rwanda,RWA,50
Risk of catastrophic expenditure for surgical care (% of people at risk),SH.SGR.CRSK.ZS,Samoa,WSM,..
Risk of catastrophic expenditure for surgical care (% of people at risk),SH.SGR.CRSK.ZS,San Marino,SMR,..
Risk of catastrophic expenditure for surgical care (% of people at risk),SH.SGR.CRSK.ZS,Sao Tome and Principe,STP,..
Risk of catastrophic expenditure for surgical care (% of people at risk),SH.SGR.CRSK.ZS,Saudi Arabia,SAU,..
Risk of catastrophic expenditure for surgical care (% of people at risk),SH.SGR.CRSK.ZS,Senegal,SEN,47.5
Risk of catastrophic expenditure for surgical care (% of people at risk),SH.SGR.CRSK.ZS,Serbia,SRB,4.4
Risk of catastrophic expenditure for surgical care (% of people at risk),SH.SGR.CRSK.ZS,Seychelles,SYC,0.4
Risk of catastrophic expenditure for surgical care (% of people at risk),SH.SGR.CRSK.ZS,Sierra Leone,SLE,49.9
Risk of catastrophic expenditure for surgical care (% of people at risk),SH.SGR.CRSK.ZS,Singapore,SGP,..
Risk of catastrophic expenditure for surgical care (% of people at risk),SH.SGR.CRSK.ZS,Sint Maarten (Dutch part),SXM,..
Risk of catastrophic expenditure for surgical care (% of people at risk),SH.SGR.CRSK.ZS,Slovak Republic,SVK,0
Risk of catastrophic expenditure for surgical care (% of people at risk),SH.SGR.CRSK.ZS,Slovenia,SVN,1
Risk of catastrophic expenditure for surgical care (% of people at risk),SH.SGR.CRSK.ZS,Small states,SST,..
Risk of catastrophic expenditure for surgical care (% of people at risk),SH.SGR.CRSK.ZS,Solomon Islands,SLB,..
Risk of catastrophic expenditure for surgical care (% of people at risk),SH.SGR.CRSK.ZS,Somalia,SOM,..
Risk of catastrophic expenditure for surgical care (% of people at risk),SH.SGR.CRSK.ZS,South Africa,ZAF,15
Risk of catastrophic expenditure for surgical care (% of people at risk),SH.SGR.CRSK.ZS,South Asia,SAS,41.7420591807601
Risk of catastrophic expenditure for surgical care (% of people at risk),SH.SGR.CRSK.ZS,South Asia (IDA & IBRD),TSA,41.7420591807601
Risk of catastrophic expenditure for surgical care (% of people at risk),SH.SGR.CRSK.ZS,South Sudan,SSD,..
Risk of catastrophic expenditure for surgical care (% of people at risk),SH.SGR.CRSK.ZS,Spain,ESP,1.9
Risk of catastrophic expenditure for surgical care (% of people at risk),SH.SGR.CRSK.ZS,Sri Lanka,LKA,26.3
Risk of catastrophic expenditure for surgical care (% of people at risk),SH.SGR.CRSK.ZS,St. Kitts and Nevis,KNA,..
Risk of catastrophic expenditure for surgical care (% of people at risk),SH.SGR.CRSK.ZS,St. Lucia,LCA,..
Risk of catastrophic expenditure for surgical care (% of people at risk),SH.SGR.CRSK.ZS,St. Martin (French part),MAF,..
Risk of catastrophic expenditure for surgical care (% of people at risk),SH.SGR.CRSK.ZS,St. Vincent and the Grenadines,VCT,..
Risk of catastrophic expenditure for surgical care (% of people at risk),SH.SGR.CRSK.ZS,Sub-Saharan Africa,SSF,56.0699068327812
Risk of catastrophic expenditure for surgical care (% of people at risk),SH.SGR.CRSK.ZS,Sub-Saharan Africa (excluding high income),SSA,56.0761607837542
Risk of catastrophic expenditure for surgical care (% of people at risk),SH.SGR.CRSK.ZS,Sub-Saharan Africa (IDA & IBRD countries),TSS,56.0699068327812
Risk of catastrophic expenditure for surgical care (% of people at risk),SH.SGR.CRSK.ZS,Sudan,SDN,59
Risk of catastrophic expenditure for surgical care (% of people at risk),SH.SGR.CRSK.ZS,Suriname,SUR,..
Risk of catastrophic expenditure for surgical care (% of people at risk),SH.SGR.CRSK.ZS,Sweden,SWE,0.2
Risk of catastrophic expenditure for surgical care (% of people at risk),SH.SGR.CRSK.ZS,Switzerland,CHE,2.9
Risk of catastrophic expenditure for surgical care (% of people at risk),SH.SGR.CRSK.ZS,Syrian Arab Republic,SYR,43.5
Risk of catastrophic expenditure for surgical care (% of people at risk),SH.SGR.CRSK.ZS,Tajikistan,TJK,67.9
Risk of catastrophic expenditure for surgical care (% of people at risk),SH.SGR.CRSK.ZS,Tanzania,TZA,40.9
Risk of catastrophic expenditure for surgical care (% of people at risk),SH.SGR.CRSK.ZS,Thailand,THA,1.3
Risk of catastrophic expenditure for surgical care (% of people at risk),SH.SGR.CRSK.ZS,Timor-Leste,TLS,9.8
Risk of catastrophic expenditure for surgical care (% of people at risk),SH.SGR.CRSK.ZS,Togo,TGO,63.1
Risk of catastrophic expenditure for surgical care (% of people at risk),SH.SGR.CRSK.ZS,Tonga,TON,..
Risk of catastrophic expenditure for surgical care (% of people at risk),SH.SGR.CRSK.ZS,Trinidad and Tobago,TTO,..
Risk of catastrophic expenditure for surgical care (% of people at risk),SH.SGR.CRSK.ZS,Tunisia,TUN,12.8
Risk of catastrophic expenditure for surgical care (% of people at risk),SH.SGR.CRSK.ZS,Turkey,TUR,1.1
Risk of catastrophic expenditure for surgical care (% of people at risk),SH.SGR.CRSK.ZS,Turkmenistan,TKM,..
Risk of catastrophic expenditure for surgical care (% of people at risk),SH.SGR.CRSK.ZS,Turks and Caicos Islands,TCA,..
Risk of catastrophic expenditure for surgical care (% of people at risk),SH.SGR.CRSK.ZS,Tuvalu,TUV,..
Risk of catastrophic expenditure for surgical care (% of people at risk),SH.SGR.CRSK.ZS,Uganda,UGA,74.2
Risk of catastrophic expenditure for surgical care (% of people at risk),SH.SGR.CRSK.ZS,Ukraine,UKR,14.4
Risk of catastrophic expenditure for surgical care (% of people at risk),SH.SGR.CRSK.ZS,United Arab Emirates,ARE,..
Risk of catastrophic expenditure for surgical care (% of people at risk),SH.SGR.CRSK.ZS,United Kingdom,GBR,0.1
Risk of catastrophic expenditure for surgical care (% of people at risk),SH.SGR.CRSK.ZS,United States,USA,0.8
Risk of catastrophic expenditure for surgical care (% of people at risk),SH.SGR.CRSK.ZS,Upper middle income,UMC,20.4242709783154
Risk of catastrophic expenditure for surgical care (% of people at risk),SH.SGR.CRSK.ZS,Uruguay,URY,2.1
Risk of catastrophic expenditure for surgical care (% of people at risk),SH.SGR.CRSK.ZS,Uzbekistan,UZB,..
Risk of catastrophic expenditure for surgical care (% of people at risk),SH.SGR.CRSK.ZS,Vanuatu,VUT,3.6
Risk of catastrophic expenditure for surgical care (% of people at risk),SH.SGR.CRSK.ZS,"Venezuela, RB",VEN,17.8
Risk of catastrophic expenditure for surgical care (% of people at risk),SH.SGR.CRSK.ZS,Vietnam,VNM,29.1
Risk of catastrophic expenditure for surgical care (% of people at risk),SH.SGR.CRSK.ZS,Virgin Islands (U.S.),VIR,..
Risk of catastrophic expenditure for surgical care (% of people at risk),SH.SGR.CRSK.ZS,West Bank and Gaza,PSE,..
Risk of catastrophic expenditure for surgical care (% of people at risk),SH.SGR.CRSK.ZS,World,WLD,28.1376437265439
Risk of catastrophic expenditure for surgical care (% of people at risk),SH.SGR.CRSK.ZS,"Yemen, Rep.",YEM,97.2
Risk of catastrophic expenditure for surgical care (% of people at risk),SH.SGR.CRSK.ZS,Zambia,ZMB,..
Risk of catastrophic expenditure for surgical care (% of people at risk),SH.SGR.CRSK.ZS,Zimbabwe,ZWE,..
Risk of impoverishing expenditure for surgical care (% of people at risk),SH.SGR.IRSK.ZS,Afghanistan,AFG,..
Risk of impoverishing expenditure for surgical care (% of people at risk),SH.SGR.IRSK.ZS,Albania,ALB,0.8
Risk of impoverishing expenditure for surgical care (% of people at risk),SH.SGR.IRSK.ZS,Algeria,DZA,5.2
Risk of impoverishing expenditure for surgical care (% of people at risk),SH.SGR.IRSK.ZS,American Samoa,ASM,..
Risk of impoverishing expenditure for surgical care (% of people at risk),SH.SGR.IRSK.ZS,Andorra,AND,..
Risk of impoverishing expenditure for surgical care (% of people at risk),SH.SGR.IRSK.ZS,Angola,AGO,7.1
Risk of impoverishing expenditure for surgical care (% of people at risk),SH.SGR.IRSK.ZS,Antigua and Barbuda,ATG,..
Risk of impoverishing expenditure for surgical care (% of people at risk),SH.SGR.IRSK.ZS,Arab World,ARB,23.1672676368783
Risk of impoverishing expenditure for surgical care (% of people at risk),SH.SGR.IRSK.ZS,Argentina,ARG,3.9
Risk of impoverishing expenditure for surgical care (% of people at risk),SH.SGR.IRSK.ZS,Armenia,ARM,6
Risk of impoverishing expenditure for surgical care (% of people at risk),SH.SGR.IRSK.ZS,Aruba,ABW,..
Risk of impoverishing expenditure for surgical care (% of people at risk),SH.SGR.IRSK.ZS,Australia,AUS,0.1
Risk of impoverishing expenditure for surgical care (% of people at risk),SH.SGR.IRSK.ZS,Austria,AUT,0
Risk of impoverishing expenditure for surgical care (% of people at risk),SH.SGR.IRSK.ZS,Azerbaijan,AZE,..
Risk of impoverishing expenditure for surgical care (% of people at risk),SH.SGR.IRSK.ZS,"Bahamas, The",BHS,..
Risk of impoverishing expenditure for surgical care (% of people at risk),SH.SGR.IRSK.ZS,Bahrain,BHR,..
Risk of impoverishing expenditure for surgical care (% of people at risk),SH.SGR.IRSK.ZS,Bangladesh,BGD,56
Risk of impoverishing expenditure for surgical care (% of people at risk),SH.SGR.IRSK.ZS,Barbados,BRB,..
Risk of impoverishing expenditure for surgical care (% of people at risk),SH.SGR.IRSK.ZS,Belarus,BLR,0.5
Risk of impoverishing expenditure for surgical care (% of people at risk),SH.SGR.IRSK.ZS,Belgium,BEL,0
Risk of impoverishing expenditure for surgical care (% of people at risk),SH.SGR.IRSK.ZS,Belize,BLZ,..
Risk of impoverishing expenditure for surgical care (% of people at risk),SH.SGR.IRSK.ZS,Benin,BEN,61
Risk of impoverishing expenditure for surgical care (% of people at risk),SH.SGR.IRSK.ZS,Bermuda,BMU,..
Risk of impoverishing expenditure for surgical care (% of people at risk),SH.SGR.IRSK.ZS,Bhutan,BTN,16.3
Risk of impoverishing expenditure for surgical care (% of people at risk),SH.SGR.IRSK.ZS,Bolivia,BOL,30.1
Risk of impoverishing expenditure for surgical care (% of people at risk),SH.SGR.IRSK.ZS,Bosnia and Herzegovina,BIH,1.3
Risk of impoverishing expenditure for surgical care (% of people at risk),SH.SGR.IRSK.ZS,Botswana,BWA,25.9
Risk of impoverishing expenditure for surgical care (% of people at risk),SH.SGR.IRSK.ZS,Brazil,BRA,11.2
Risk of impoverishing expenditure for surgical care (% of people at risk),SH.SGR.IRSK.ZS,British Virgin Islands,VGB,..
Risk of impoverishing expenditure for surgical care (% of people at risk),SH.SGR.IRSK.ZS,Brunei Darussalam,BRN,..
Risk of impoverishing expenditure for surgical care (% of people at risk),SH.SGR.IRSK.ZS,Bulgaria,BGR,2.6
Risk of impoverishing expenditure for surgical care (% of people at risk),SH.SGR.IRSK.ZS,Burkina Faso,BFA,75.9
Risk of impoverishing expenditure for surgical care (% of people at risk),SH.SGR.IRSK.ZS,Burundi,BDI,99
Risk of impoverishing expenditure for surgical care (% of people at risk),SH.SGR.IRSK.ZS,Cabo Verde,CPV,17.7
Risk of impoverishing expenditure for surgical care (% of people at risk),SH.SGR.IRSK.ZS,Cambodia,KHM,..
Risk of impoverishing expenditure for surgical care (% of people at risk),SH.SGR.IRSK.ZS,Cameroon,CMR,42.5
Risk of impoverishing expenditure for surgical care (% of people at risk),SH.SGR.IRSK.ZS,Canada,CAN,0
Risk of impoverishing expenditure for surgical care (% of people at risk),SH.SGR.IRSK.ZS,Caribbean small states,CSS,..
Risk of impoverishing expenditure for surgical care (% of people at risk),SH.SGR.IRSK.ZS,Cayman Islands,CYM,..
Risk of impoverishing expenditure for surgical care (% of people at risk),SH.SGR.IRSK.ZS,Central African Republic,CAF,..
Risk of impoverishing expenditure for surgical care (% of people at risk),SH.SGR.IRSK.ZS,Central Europe and the Baltics,CEB,0.602287992233201
Risk of impoverishing expenditure for surgical care (% of people at risk),SH.SGR.IRSK.ZS,Chad,TCD,57.1
Risk of impoverishing expenditure for surgical care (% of people at risk),SH.SGR.IRSK.ZS,Channel Islands,CHI,..
Risk of impoverishing expenditure for surgical care (% of people at risk),SH.SGR.IRSK.ZS,Chile,CHL,5.5
Risk of impoverishing expenditure for surgical care (% of people at risk),SH.SGR.IRSK.ZS,China,CHN,27
Risk of impoverishing expenditure for surgical care (% of people at risk),SH.SGR.IRSK.ZS,Colombia,COL,13.5
Risk of impoverishing expenditure for surgical care (% of people at risk),SH.SGR.IRSK.ZS,Comoros,COM,52.3
Risk of impoverishing expenditure for surgical care (% of people at risk),SH.SGR.IRSK.ZS,"Congo, Dem. Rep.",COD,86.7
Risk of impoverishing expenditure for surgical care (% of people at risk),SH.SGR.IRSK.ZS,"Congo, Rep.",COG,48.2
Risk of impoverishing expenditure for surgical care (% of people at risk),SH.SGR.IRSK.ZS,Costa Rica,CRI,8.3
Risk of impoverishing expenditure for surgical care (% of people at risk),SH.SGR.IRSK.ZS,Cote d'Ivoire,CIV,..
Risk of impoverishing expenditure for surgical care (% of people at risk),SH.SGR.IRSK.ZS,Croatia,HRV,0.2
Risk of impoverishing expenditure for surgical care (% of people at risk),SH.SGR.IRSK.ZS,Cuba,CUB,..
Risk of impoverishing expenditure for surgical care (% of people at risk),SH.SGR.IRSK.ZS,Curacao,CUW,..
Risk of impoverishing expenditure for surgical care (% of people at risk),SH.SGR.IRSK.ZS,Cyprus,CYP,0.3
Risk of impoverishing expenditure for surgical care (% of people at risk),SH.SGR.IRSK.ZS,Czech Republic,CZE,0
Risk of impoverishing expenditure for surgical care (% of people at risk),SH.SGR.IRSK.ZS,Denmark,DNK,0
Risk of impoverishing expenditure for surgical care (% of people at risk),SH.SGR.IRSK.ZS,Djibouti,DJI,..
Risk of impoverishing expenditure for surgical care (% of people at risk),SH.SGR.IRSK.ZS,Dominica,DMA,..
Risk of impoverishing expenditure for surgical care (% of people at risk),SH.SGR.IRSK.ZS,Dominican Republic,DOM,7.9
Risk of impoverishing expenditure for surgical care (% of people at risk),SH.SGR.IRSK.ZS,Early-demographic dividend,EAR,24.7423024128299
Risk of impoverishing expenditure for surgical care (% of people at risk),SH.SGR.IRSK.ZS,East Asia & Pacific,EAS,21.7879212206469
Risk of impoverishing expenditure for surgical care (% of people at risk),SH.SGR.IRSK.ZS,East Asia & Pacific (excluding high income),EAP,24.0324341967085
Risk of impoverishing expenditure for surgical care (% of people at risk),SH.SGR.IRSK.ZS,East Asia & Pacific (IDA & IBRD countries),TEA,24.0324341967085
Risk of impoverishing expenditure for surgical care (% of people at risk),SH.SGR.IRSK.ZS,Ecuador,ECU,14.2
Risk of impoverishing expenditure for surgical care (% of people at risk),SH.SGR.IRSK.ZS,"Egypt, Arab Rep.",EGY,12.3
Risk of impoverishing expenditure for surgical care (% of people at risk),SH.SGR.IRSK.ZS,El Salvador,SLV,9.3
Risk of impoverishing expenditure for surgical care (% of people at risk),SH.SGR.IRSK.ZS,Equatorial Guinea,GNQ,..
Risk of impoverishing expenditure for surgical care (% of people at risk),SH.SGR.IRSK.ZS,Eritrea,ERI,..
Risk of impoverishing expenditure for surgical care (% of people at risk),SH.SGR.IRSK.ZS,Estonia,EST,4.5
Risk of impoverishing expenditure for surgical care (% of people at risk),SH.SGR.IRSK.ZS,Eswatini,SWZ,21.3
Risk of impoverishing expenditure for surgical care (% of people at risk),SH.SGR.IRSK.ZS,Ethiopia,ETH,..
Risk of impoverishing expenditure for surgical care (% of people at risk),SH.SGR.IRSK.ZS,Euro area,EMU,0.158847593524437
Risk of impoverishing expenditure for surgical care (% of people at risk),SH.SGR.IRSK.ZS,Europe & Central Asia,ECS,1.84976300924216
Risk of impoverishing expenditure for surgical care (% of people at risk),SH.SGR.IRSK.ZS,Europe & Central Asia (excluding high income),ECA,4.21518525281692
Risk of impoverishing expenditure for surgical care (% of people at risk),SH.SGR.IRSK.ZS,Europe & Central Asia (IDA & IBRD countries),TEC,3.78764375581974
Risk of impoverishing expenditure for surgical care (% of people at risk),SH.SGR.IRSK.ZS,European Union,EUU,0.166038343954193
Risk of impoverishing expenditure for surgical care (% of people at risk),SH.SGR.IRSK.ZS,Faroe Islands,FRO,..
Risk of impoverishing expenditure for surgical care (% of people at risk),SH.SGR.IRSK.ZS,Fiji,FJI,..
Risk of impoverishing expenditure for surgical care (% of people at risk),SH.SGR.IRSK.ZS,Finland,FIN,0
Risk of impoverishing expenditure for surgical care (% of people at risk),SH.SGR.IRSK.ZS,Fragile and conflict affected situations,FCS,..
Risk of impoverishing expenditure for surgical care (% of people at risk),SH.SGR.IRSK.ZS,France,FRA,0
Risk of impoverishing expenditure for surgical care (% of people at risk),SH.SGR.IRSK.ZS,French Polynesia,PYF,..
Risk of impoverishing expenditure for surgical care (% of people at risk),SH.SGR.IRSK.ZS,Gabon,GAB,9.8
Risk of impoverishing expenditure for surgical care (% of people at risk),SH.SGR.IRSK.ZS,"Gambia, The",GMB,59.6
Risk of impoverishing expenditure for surgical care (% of people at risk),SH.SGR.IRSK.ZS,Georgia,GEO,..
Risk of impoverishing expenditure for surgical care (% of people at risk),SH.SGR.IRSK.ZS,Germany,DEU,0
Risk of impoverishing expenditure for surgical care (% of people at risk),SH.SGR.IRSK.ZS,Ghana,GHA,23.8
Risk of impoverishing expenditure for surgical care (% of people at risk),SH.SGR.IRSK.ZS,Gibraltar,GIB,..
Risk of impoverishing expenditure for surgical care (% of people at risk),SH.SGR.IRSK.ZS,Greece,GRC,0.4
Risk of impoverishing expenditure for surgical care (% of people at risk),SH.SGR.IRSK.ZS,Greenland,GRL,..
Risk of impoverishing expenditure for surgical care (% of people at risk),SH.SGR.IRSK.ZS,Grenada,GRD,..
Risk of impoverishing expenditure for surgical care (% of people at risk),SH.SGR.IRSK.ZS,Guam,GUM,..
Risk of impoverishing expenditure for surgical care (% of people at risk),SH.SGR.IRSK.ZS,Guatemala,GTM,20.1
Risk of impoverishing expenditure for surgical care (% of people at risk),SH.SGR.IRSK.ZS,Guinea,GIN,92.7
Risk of impoverishing expenditure for surgical care (% of people at risk),SH.SGR.IRSK.ZS,Guinea-Bissau,GNB,64.2
Risk of impoverishing expenditure for surgical care (% of people at risk),SH.SGR.IRSK.ZS,Guyana,GUY,..
Risk of impoverishing expenditure for surgical care (% of people at risk),SH.SGR.IRSK.ZS,Haiti,HTI,58
Risk of impoverishing expenditure for surgical care (% of people at risk),SH.SGR.IRSK.ZS,Heavily indebted poor countries (HIPC),HPC,65.2146195648008
Risk of impoverishing expenditure for surgical care (% of people at risk),SH.SGR.IRSK.ZS,High income,HIC,0.299358536196934
Risk of impoverishing expenditure for surgical care (% of people at risk),SH.SGR.IRSK.ZS,Honduras,HND,34.1
Risk of impoverishing expenditure for surgical care (% of people at risk),SH.SGR.IRSK.ZS,"Hong Kong SAR, China",HKG,..
Risk of impoverishing expenditure for surgical care (% of people at risk),SH.SGR.IRSK.ZS,Hungary,HUN,0.8
Risk of impoverishing expenditure for surgical care (% of people at risk),SH.SGR.IRSK.ZS,Iceland,ISL,0.1
Risk of impoverishing expenditure for surgical care (% of people at risk),SH.SGR.IRSK.ZS,India,IND,26.7
Risk of impoverishing expenditure for surgical care (% of people at risk),SH.SGR.IRSK.ZS,Indonesia,IDN,15.9
Risk of impoverishing expenditure for surgical care (% of people at risk),SH.SGR.IRSK.ZS,"Iran, Islamic Rep.",IRN,13.6
Risk of impoverishing expenditure for surgical care (% of people at risk),SH.SGR.IRSK.ZS,Iraq,IRQ,..
Risk of impoverishing expenditure for surgical care (% of people at risk),SH.SGR.IRSK.ZS,Ireland,IRL,0
Risk of impoverishing expenditure for surgical care (% of people at risk),SH.SGR.IRSK.ZS,Isle of Man,IMN,..
Risk of impoverishing expenditure for surgical care (% of people at risk),SH.SGR.IRSK.ZS,Israel,ISR,0.9
Risk of impoverishing expenditure for surgical care (% of people at risk),SH.SGR.IRSK.ZS,Italy,ITA,0.1
Risk of impoverishing expenditure for surgical care (% of people at risk),SH.SGR.IRSK.ZS,Jamaica,JAM,11.3
Risk of impoverishing expenditure for surgical care (% of people at risk),SH.SGR.IRSK.ZS,Japan,JPN,0
Risk of impoverishing expenditure for surgical care (% of people at risk),SH.SGR.IRSK.ZS,Jordan,JOR,6.8
Risk of impoverishing expenditure for surgical care (% of people at risk),SH.SGR.IRSK.ZS,Kazakhstan,KAZ,0.3
Risk of impoverishing expenditure for surgical care (% of people at risk),SH.SGR.IRSK.ZS,Kenya,KEN,46.1
Risk of impoverishing expenditure for surgical care (% of people at risk),SH.SGR.IRSK.ZS,Kiribati,KIR,..
Risk of impoverishing expenditure for surgical care (% of people at risk),SH.SGR.IRSK.ZS,"Korea, Dem. People’s Rep.",PRK,..
Risk of impoverishing expenditure for surgical care (% of people at risk),SH.SGR.IRSK.ZS,"Korea, Rep.",KOR,0
Risk of impoverishing expenditure for surgical care (% of people at risk),SH.SGR.IRSK.ZS,Kosovo,XKX,..
Risk of impoverishing expenditure for surgical care (% of people at risk),SH.SGR.IRSK.ZS,Kuwait,KWT,..
Risk of impoverishing expenditure for surgical care (% of people at risk),SH.SGR.IRSK.ZS,Kyrgyz Republic,KGZ,33.5
Risk of impoverishing expenditure for surgical care (% of people at risk),SH.SGR.IRSK.ZS,Lao PDR,LAO,32
Risk of impoverishing expenditure for surgical care (% of people at risk),SH.SGR.IRSK.ZS,Late-demographic dividend,LTE,20.6866445207971
Risk of impoverishing expenditure for surgical care (% of people at risk),SH.SGR.IRSK.ZS,Latin America & Caribbean,LCN,11.1120246794647
Risk of impoverishing expenditure for surgical care (% of people at risk),SH.SGR.IRSK.ZS,Latin America & Caribbean (excluding high income),LAC,11.3406410597282
Risk of impoverishing expenditure for surgical care (% of people at risk),SH.SGR.IRSK.ZS,Latin America & the Caribbean (IDA & IBRD countries),TLA,11.1120246794647
Risk of impoverishing expenditure for surgical care (% of people at risk),SH.SGR.IRSK.ZS,Latvia,LVA,8.7
Risk of impoverishing expenditure for surgical care (% of people at risk),SH.SGR.IRSK.ZS,Least developed countries: UN classification,LDC,65.4622717156857
Risk of impoverishing expenditure for surgical care (% of people at risk),SH.SGR.IRSK.ZS,Lebanon,LBN,0.7
Risk of impoverishing expenditure for surgical care (% of people at risk),SH.SGR.IRSK.ZS,Lesotho,LSO,43.4
Risk of impoverishing expenditure for surgical care (% of people at risk),SH.SGR.IRSK.ZS,Liberia,LBR,72.1
Risk of impoverishing expenditure for surgical care (% of people at risk),SH.SGR.IRSK.ZS,Libya,LBY,..
Risk of impoverishing expenditure for surgical care (% of people at risk),SH.SGR.IRSK.ZS,Liechtenstein,LIE,..
Risk of impoverishing expenditure for surgical care (% of people at risk),SH.SGR.IRSK.ZS,Lithuania,LTU,2.9
Risk of impoverishing expenditure for surgical care (% of people at risk),SH.SGR.IRSK.ZS,Low & middle income,LMY,27.9144084834158
Risk of impoverishing expenditure for surgical care (% of people at risk),SH.SGR.IRSK.ZS,Low income,LIC,74.0970555936099
Risk of impoverishing expenditure for surgical care (% of people at risk),SH.SGR.IRSK.ZS,Lower middle income,LMC,28.4478217593372
Risk of impoverishing expenditure for surgical care (% of people at risk),SH.SGR.IRSK.ZS,Luxembourg,LUX,0
Risk of impoverishing expenditure for surgical care (% of people at risk),SH.SGR.IRSK.ZS,"Macao SAR, China",MAC,..
Risk of impoverishing expenditure for surgical care (% of people at risk),SH.SGR.IRSK.ZS,Madagascar,MDG,86
Risk of impoverishing expenditure for surgical care (% of people at risk),SH.SGR.IRSK.ZS,Malawi,MWI,100
Risk of impoverishing expenditure for surgical care (% of people at risk),SH.SGR.IRSK.ZS,Malaysia,MYS,7.9
Risk of impoverishing expenditure for surgical care (% of people at risk),SH.SGR.IRSK.ZS,Maldives,MDV,..
Risk of impoverishing expenditure for surgical care (% of people at risk),SH.SGR.IRSK.ZS,Mali,MLI,55.4
Risk of impoverishing expenditure for surgical care (% of people at risk),SH.SGR.IRSK.ZS,Malta,MLT,0.1
Risk of impoverishing expenditure for surgical care (% of people at risk),SH.SGR.IRSK.ZS,Marshall Islands,MHL,..
Risk of impoverishing expenditure for surgical care (% of people at risk),SH.SGR.IRSK.ZS,Mauritania,MRT,47
Risk of impoverishing expenditure for surgical care (% of people at risk),SH.SGR.IRSK.ZS,Mauritius,MUS,1.7
Risk of impoverishing expenditure for surgical care (% of people at risk),SH.SGR.IRSK.ZS,Mexico,MEX,4
Risk of impoverishing expenditure for surgical care (% of people at risk),SH.SGR.IRSK.ZS,"Micronesia, Fed. Sts.",FSM,..
Risk of impoverishing expenditure for surgical care (% of people at risk),SH.SGR.IRSK.ZS,Middle East & North Africa,MEA,17.8447019009143
Risk of impoverishing expenditure for surgical care (% of people at risk),SH.SGR.IRSK.ZS,Middle East & North Africa (excluding high income),MNA,18.32158854143
Risk of impoverishing expenditure for surgical care (% of people at risk),SH.SGR.IRSK.ZS,Middle East & North Africa (IDA & IBRD countries),TMN,18.32158854143
Risk of impoverishing expenditure for surgical care (% of people at risk),SH.SGR.IRSK.ZS,Middle income,MIC,23.7365899023739
Risk of impoverishing expenditure for surgical care (% of people at risk),SH.SGR.IRSK.ZS,Moldova,MDA,6.4
Risk of impoverishing expenditure for surgical care (% of people at risk),SH.SGR.IRSK.ZS,Monaco,MCO,..
Risk of impoverishing expenditure for surgical care (% of people at risk),SH.SGR.IRSK.ZS,Mongolia,MNG,..
Risk of impoverishing expenditure for surgical care (% of people at risk),SH.SGR.IRSK.ZS,Montenegro,MNE,0.5
Risk of impoverishing expenditure for surgical care (% of people at risk),SH.SGR.IRSK.ZS,Morocco,MAR,15.2
Risk of impoverishing expenditure for surgical care (% of people at risk),SH.SGR.IRSK.ZS,Mozambique,MOZ,70.4
Risk of impoverishing expenditure for surgical care (% of people at risk),SH.SGR.IRSK.ZS,Myanmar,MMR,..
Risk of impoverishing expenditure for surgical care (% of people at risk),SH.SGR.IRSK.ZS,Namibia,NAM,25.1
Risk of impoverishing expenditure for surgical care (% of people at risk),SH.SGR.IRSK.ZS,Nauru,NRU,..
Risk of impoverishing expenditure for surgical care (% of people at risk),SH.SGR.IRSK.ZS,Nepal,NPL,72.7
Risk of impoverishing expenditure for surgical care (% of people at risk),SH.SGR.IRSK.ZS,Netherlands,NLD,0
Risk of impoverishing expenditure for surgical care (% of people at risk),SH.SGR.IRSK.ZS,New Caledonia,NCL,..
Risk of impoverishing expenditure for surgical care (% of people at risk),SH.SGR.IRSK.ZS,New Zealand,NZL,..
Risk of impoverishing expenditure for surgical care (% of people at risk),SH.SGR.IRSK.ZS,Nicaragua,NIC,28.8
Risk of impoverishing expenditure for surgical care (% of people at risk),SH.SGR.IRSK.ZS,Niger,NER,93.4
Risk of impoverishing expenditure for surgical care (% of people at risk),SH.SGR.IRSK.ZS,Nigeria,NGA,51.5
Risk of impoverishing expenditure for surgical care (% of people at risk),SH.SGR.IRSK.ZS,North America,NAC,0.269691836836479
Risk of impoverishing expenditure for surgical care (% of people at risk),SH.SGR.IRSK.ZS,North Macedonia,MKD,7.9
Risk of impoverishing expenditure for surgical care (% of people at risk),SH.SGR.IRSK.ZS,Northern Mariana Islands,MNP,..
Risk of impoverishing expenditure for surgical care (% of people at risk),SH.SGR.IRSK.ZS,Norway,NOR,0
Risk of impoverishing expenditure for surgical care (% of people at risk),SH.SGR.IRSK.ZS,Not classified,INX,..
Risk of impoverishing expenditure for surgical care (% of people at risk),SH.SGR.IRSK.ZS,OECD members,OED,0.712372883382326
Risk of impoverishing expenditure for surgical care (% of people at risk),SH.SGR.IRSK.ZS,Oman,OMN,..
Risk of impoverishing expenditure for surgical care (% of people at risk),SH.SGR.IRSK.ZS,Other small states,OSS,28.5360400853301
Risk of impoverishing expenditure for surgical care (% of people at risk),SH.SGR.IRSK.ZS,Pacific island small states,PSS,..
Risk of impoverishing expenditure for surgical care (% of people at risk),SH.SGR.IRSK.ZS,Pakistan,PAK,29.9
Risk of impoverishing expenditure for surgical care (% of people at risk),SH.SGR.IRSK.ZS,Palau,PLW,..
Risk of impoverishing expenditure for surgical care (% of people at risk),SH.SGR.IRSK.ZS,Panama,PAN,11.4
Risk of impoverishing expenditure for surgical care (% of people at risk),SH.SGR.IRSK.ZS,Papua New Guinea,PNG,26.7
Risk of impoverishing expenditure for surgical care (% of people at risk),SH.SGR.IRSK.ZS,Paraguay,PRY,21.6
Risk of impoverishing expenditure for surgical care (% of people at risk),SH.SGR.IRSK.ZS,Peru,PER,9.1
Risk of impoverishing expenditure for surgical care (% of people at risk),SH.SGR.IRSK.ZS,Philippines,PHL,17.7
Risk of impoverishing expenditure for surgical care (% of people at risk),SH.SGR.IRSK.ZS,Poland,POL,0.1
Risk of impoverishing expenditure for surgical care (% of people at risk),SH.SGR.IRSK.ZS,Portugal,PRT,0.3
Risk of impoverishing expenditure for surgical care (% of people at risk),SH.SGR.IRSK.ZS,Post-demographic dividend,PST,0.255388910353729
Risk of impoverishing expenditure for surgical care (% of people at risk),SH.SGR.IRSK.ZS,Pre-demographic dividend,PRE,61.0057820588401
Risk of impoverishing expenditure for surgical care (% of people at risk),SH.SGR.IRSK.ZS,Puerto Rico,PRI,..
Risk of impoverishing expenditure for surgical care (% of people at risk),SH.SGR.IRSK.ZS,Qatar,QAT,..
Risk of impoverishing expenditure for surgical care (% of people at risk),SH.SGR.IRSK.ZS,Romania,ROU,0
Risk of impoverishing expenditure for surgical care (% of people at risk),SH.SGR.IRSK.ZS,Russian Federation,RUS,3.2
Risk of impoverishing expenditure for surgical care (% of people at risk),SH.SGR.IRSK.ZS,Rwanda,RWA,66.5
Risk of impoverishing expenditure for surgical care (% of people at risk),SH.SGR.IRSK.ZS,Samoa,WSM,..
Risk of impoverishing expenditure for surgical care (% of people at risk),SH.SGR.IRSK.ZS,San Marino,SMR,..
Risk of impoverishing expenditure for surgical care (% of people at risk),SH.SGR.IRSK.ZS,Sao Tome and Principe,STP,..
Risk of impoverishing expenditure for surgical care (% of people at risk),SH.SGR.IRSK.ZS,Saudi Arabia,SAU,..
Risk of impoverishing expenditure for surgical care (% of people at risk),SH.SGR.IRSK.ZS,Senegal,SEN,41.2
Risk of impoverishing expenditure for surgical care (% of people at risk),SH.SGR.IRSK.ZS,Serbia,SRB,0.5
Risk of impoverishing expenditure for surgical care (% of people at risk),SH.SGR.IRSK.ZS,Seychelles,SYC,2.2
Risk of impoverishing expenditure for surgical care (% of people at risk),SH.SGR.IRSK.ZS,Sierra Leone,SLE,59.2
Risk of impoverishing expenditure for surgical care (% of people at risk),SH.SGR.IRSK.ZS,Singapore,SGP,..
Risk of impoverishing expenditure for surgical care (% of people at risk),SH.SGR.IRSK.ZS,Sint Maarten (Dutch part),SXM,..
Risk of impoverishing expenditure for surgical care (% of people at risk),SH.SGR.IRSK.ZS,Slovak Republic,SVK,0
Risk of impoverishing expenditure for surgical care (% of people at risk),SH.SGR.IRSK.ZS,Slovenia,SVN,0
Risk of impoverishing expenditure for surgical care (% of people at risk),SH.SGR.IRSK.ZS,Small states,SST,..
Risk of impoverishing expenditure for surgical care (% of people at risk),SH.SGR.IRSK.ZS,Solomon Islands,SLB,..
Risk of impoverishing expenditure for surgical care (% of people at risk),SH.SGR.IRSK.ZS,Somalia,SOM,..
Risk of impoverishing expenditure for surgical care (% of people at risk),SH.SGR.IRSK.ZS,South Africa,ZAF,27.1
Risk of impoverishing expenditure for surgical care (% of people at risk),SH.SGR.IRSK.ZS,South Asia,SAS,30.359695506819
Risk of impoverishing expenditure for surgical care (% of people at risk),SH.SGR.IRSK.ZS,South Asia (IDA & IBRD),TSA,30.359695506819
Risk of impoverishing expenditure for surgical care (% of people at risk),SH.SGR.IRSK.ZS,South Sudan,SSD,..
Risk of impoverishing expenditure for surgical care (% of people at risk),SH.SGR.IRSK.ZS,Spain,ESP,0.2
Risk of impoverishing expenditure for surgical care (% of people at risk),SH.SGR.IRSK.ZS,Sri Lanka,LKA,18.3
Risk of impoverishing expenditure for surgical care (% of people at risk),SH.SGR.IRSK.ZS,St. Kitts and Nevis,KNA,..
Risk of impoverishing expenditure for surgical care (% of people at risk),SH.SGR.IRSK.ZS,St. Lucia,LCA,..
Risk of impoverishing expenditure for surgical care (% of people at risk),SH.SGR.IRSK.ZS,St. Martin (French part),MAF,..
Risk of impoverishing expenditure for surgical care (% of people at risk),SH.SGR.IRSK.ZS,St. Vincent and the Grenadines,VCT,..
Risk of impoverishing expenditure for surgical care (% of people at risk),SH.SGR.IRSK.ZS,Sub-Saharan Africa,SSF,57.0231884653343
Risk of impoverishing expenditure for surgical care (% of people at risk),SH.SGR.IRSK.ZS,Sub-Saharan Africa (excluding high income),SSA,57.0293472960627
Risk of impoverishing expenditure for surgical care (% of people at risk),SH.SGR.IRSK.ZS,Sub-Saharan Africa (IDA & IBRD countries),TSS,57.0231884653343
Risk of impoverishing expenditure for surgical care (% of people at risk),SH.SGR.IRSK.ZS,Sudan,SDN,40
Risk of impoverishing expenditure for surgical care (% of people at risk),SH.SGR.IRSK.ZS,Suriname,SUR,..
Risk of impoverishing expenditure for surgical care (% of people at risk),SH.SGR.IRSK.ZS,Sweden,SWE,0
Risk of impoverishing expenditure for surgical care (% of people at risk),SH.SGR.IRSK.ZS,Switzerland,CHE,0
Risk of impoverishing expenditure for surgical care (% of people at risk),SH.SGR.IRSK.ZS,Syrian Arab Republic,SYR,17
Risk of impoverishing expenditure for surgical care (% of people at risk),SH.SGR.IRSK.ZS,Tajikistan,TJK,57.1
Risk of impoverishing expenditure for surgical care (% of people at risk),SH.SGR.IRSK.ZS,Tanzania,TZA,61.2
Risk of impoverishing expenditure for surgical care (% of people at risk),SH.SGR.IRSK.ZS,Thailand,THA,6.3
Risk of impoverishing expenditure for surgical care (% of people at risk),SH.SGR.IRSK.ZS,Timor-Leste,TLS,55.4
Risk of impoverishing expenditure for surgical care (% of people at risk),SH.SGR.IRSK.ZS,Togo,TGO,59.6
Risk of impoverishing expenditure for surgical care (% of people at risk),SH.SGR.IRSK.ZS,Tonga,TON,..
Risk of impoverishing expenditure for surgical care (% of people at risk),SH.SGR.IRSK.ZS,Trinidad and Tobago,TTO,..
Risk of impoverishing expenditure for surgical care (% of people at risk),SH.SGR.IRSK.ZS,Tunisia,TUN,2.6
Risk of impoverishing expenditure for surgical care (% of people at risk),SH.SGR.IRSK.ZS,Turkey,TUR,1.8
Risk of impoverishing expenditure for surgical care (% of people at risk),SH.SGR.IRSK.ZS,Turkmenistan,TKM,..
Risk of impoverishing expenditure for surgical care (% of people at risk),SH.SGR.IRSK.ZS,Turks and Caicos Islands,TCA,..
Risk of impoverishing expenditure for surgical care (% of people at risk),SH.SGR.IRSK.ZS,Tuvalu,TUV,..
Risk of impoverishing expenditure for surgical care (% of people at risk),SH.SGR.IRSK.ZS,Uganda,UGA,75.1
Risk of impoverishing expenditure for surgical care (% of people at risk),SH.SGR.IRSK.ZS,Ukraine,UKR,2.4
Risk of impoverishing expenditure for surgical care (% of people at risk),SH.SGR.IRSK.ZS,United Arab Emirates,ARE,..
Risk of impoverishing expenditure for surgical care (% of people at risk),SH.SGR.IRSK.ZS,United Kingdom,GBR,0
Risk of impoverishing expenditure for surgical care (% of people at risk),SH.SGR.IRSK.ZS,United States,USA,0.3
Risk of impoverishing expenditure for surgical care (% of people at risk),SH.SGR.IRSK.ZS,Upper middle income,UMC,18.5483902610164
Risk of impoverishing expenditure for surgical care (% of people at risk),SH.SGR.IRSK.ZS,Uruguay,URY,1.7
Risk of impoverishing expenditure for surgical care (% of people at risk),SH.SGR.IRSK.ZS,Uzbekistan,UZB,..
Risk of impoverishing expenditure for surgical care (% of people at risk),SH.SGR.IRSK.ZS,Vanuatu,VUT,15.6
Risk of impoverishing expenditure for surgical care (% of people at risk),SH.SGR.IRSK.ZS,"Venezuela, RB",VEN,10.9
Risk of impoverishing expenditure for surgical care (% of people at risk),SH.SGR.IRSK.ZS,Vietnam,VNM,27.4
Risk of impoverishing expenditure for surgical care (% of people at risk),SH.SGR.IRSK.ZS,Virgin Islands (U.S.),VIR,..
Risk of impoverishing expenditure for surgical care (% of people at risk),SH.SGR.IRSK.ZS,West Bank and Gaza,PSE,..
Risk of impoverishing expenditure for surgical care (% of people at risk),SH.SGR.IRSK.ZS,World,WLD,23.5509933929662
Risk of impoverishing expenditure for surgical care (% of people at risk),SH.SGR.IRSK.ZS,"Yemen, Rep.",YEM,92
Risk of impoverishing expenditure for surgical care (% of people at risk),SH.SGR.IRSK.ZS,Zambia,ZMB,..
Risk of impoverishing expenditure for surgical care (% of people at risk),SH.SGR.IRSK.ZS,Zimbabwe,ZWE,..
,,,,
,,,,
,,,,
Data from database: Health Nutrition and Population Statistics,,,,
Last Updated: 03/23/2020,,,,
